{
  "RECORDS": [
    {
      "answer_id": "1",
      "title": "今天",
      "words": "游玩",
      "showUserImg": "",
      "username": "",
      "createTime": "19/8/2020 16:37:10",
      "user_id": ""
    },
    {
      "answer_id": "2",
      "title": "中国",
      "words": "我爱中国",
      "showUserImg": "undefined",
      "username": "云生",
      "createTime": "27/8/2020 14:45:02",
      "user_id": "1"
    },
    {
      "answer_id": "3",
      "title": "中国",
      "words": "我爱中国",
      "showUserImg": "undefined",
      "username": "云生",
      "createTime": "27/8/2020 14:47:17",
      "user_id": "1"
    }
  ]
}